-- =============================================================
-- 业务数据 — 区域、渠道、客户、产品、订单、财务
-- =============================================================

USE test_metrics;

-- =============================================
-- 字典数据
-- =============================================
INSERT INTO t_dic_rgn (rgn_cd, rgn_nm, par_cd, rgn_lvl) VALUES
('R01',   '华东大区', NULL,  1),
('R02',   '华南大区', NULL,  1),
('R03',   '华北大区', NULL,  1),
('R04',   '西南大区', NULL,  1),
('R0101', '上海',     'R01', 2),
('R0102', '江苏',     'R01', 2),
('R0103', '浙江',     'R01', 2),
('R0201', '广东',     'R02', 2),
('R0202', '福建',     'R02', 2),
('R0301', '北京',     'R03', 2),
('R0302', '天津',     'R03', 2),
('R0401', '四川',     'R04', 2),
('R0402', '重庆',     'R04', 2);

INSERT INTO t_dic_chn (chn_cd, chn_nm) VALUES
('ON', '线上直营'),
('OF', '线下门店'),
('DL', '分销渠道');

-- =============================================
-- 销售员
-- =============================================
INSERT INTO t_sal_emp (emp_no, emp_nm, rgn_cd, dept_cd, stat_cd) VALUES
('S001', '张伟',   'R0101', 'SALE01', '1'),
('S002', '李娜',   'R0102', 'SALE01', '1'),
('S003', '王磊',   'R0201', 'SALE02', '1'),
('S004', '刘洋',   'R0301', 'SALE03', '1'),
('S005', '陈静',   'R0401', 'SALE04', '1'),
('S006', '赵敏',   'R0103', 'SALE01', '1'),
('S007', '黄涛',   'R0202', 'SALE02', '0');

-- =============================================
-- 产品分类
-- =============================================
INSERT INTO t_prd_cls (cls_cd, cls_nm, par_cd, cls_lvl, srt_no) VALUES
('A',    '电子产品',   NULL, 1, 1),
('B',    '办公用品',   NULL, 1, 2),
('C',    '生活家居',   NULL, 1, 3),
('A01',  '笔记本电脑', 'A',  2, 1),
('A02',  '手机',       'A',  2, 2),
('A03',  '平板电脑',   'A',  2, 3),
('B01',  '打印耗材',   'B',  2, 1),
('B02',  '文具',       'B',  2, 2),
('C01',  '厨房用品',   'C',  2, 1),
('C02',  '清洁用品',   'C',  2, 2);

-- =============================================
-- 产品
-- =============================================
INSERT INTO t_prd_inf (prd_cd, prd_nm, prd_cls_cd, prd_brn, prd_spc, unit_prc, cost_prc, stk_qty, stat_cd) VALUES
('P00001', 'ThinkPad T14s 商用笔记本',   'A01', '联想',   '14英寸/i7/16G/512G', 7999.00, 5600.00, 120, '1'),
('P00002', 'MacBook Air M3',              'A01', 'Apple',  '13.6英寸/M3/8G/256G', 8999.00, 6500.00, 80,  '1'),
('P00003', 'Redmi Note 13 Pro',           'A02', '小米',   '6.67英寸/8G/256G',    1499.00, 980.00,  500, '1'),
('P00004', 'iPhone 15',                   'A02', 'Apple',  '6.1英寸/128G',        5999.00, 4200.00, 200, '1'),
('P00005', 'iPad Air 6',                  'A03', 'Apple',  '11英寸/M2/128G',      4799.00, 3400.00, 150, '1'),
('P00006', 'HP LaserJet 打印机',          'B01', 'HP',     'M208dw',              1299.00, 850.00,  300, '1'),
('P00007', '得力A4复印纸 5包装',          'B01', '得力',   '70g/500张/包',        89.00,   52.00,   2000,'1'),
('P00008', '晨光中性笔 12支装',           'B02', '晨光',   '0.5mm黑色',           15.00,   7.50,    5000,'1'),
('P00009', '九阳破壁机',                  'C01', '九阳',   'L18-P631',            599.00,  320.00,  400, '1'),
('P00010', '威露士消毒液 1L',             'C02', '威露士', '衣物专用',             39.90,   18.00,   3000,'1'),
('P00011', 'Dell U2723QE 显示器',         'A01', 'Dell',   '27英寸/4K/IPS',       3999.00, 2800.00, 60,  '1'),
('P00012', '华为MatePad 11.5',            'A03', '华为',   '11.5英寸/8G/128G',    2599.00, 1800.00, 180, '1'),
('P00013', '爱普生墨仓式打印机',          'B01', '爱普生', 'L3258',               999.00,  620.00,  250, '2'),
('P00014', '3M便利贴 10本装',             'B02', '3M',     '76x76mm/100张',       25.00,   12.00,   4000,'1'),
('P00015', '美的电饭煲',                  'C01', '美的',   'MB-FB40Simple',       199.00,  110.00,  600, '1');

-- =============================================
-- 客户
-- =============================================
INSERT INTO t_cst_bas (cst_no, cst_nm, cst_tp, cst_lvl, rgn_cd, ind_cd, reg_dt, lst_ord_dt, tot_ord_amt, tot_ord_cnt, stat_cd) VALUES
('C00000001', '上海星辰科技有限公司',     'E', 'S', 'R0101', 'IT',   '2024-01-15', '2026-04-01', 892000.00,  45, '1'),
('C00000002', '深圳创新电子集团',         'E', 'A', 'R0201', 'IT',   '2024-03-20', '2026-03-28', 456000.00,  32, '1'),
('C00000003', '北京万达商贸有限公司',     'E', 'A', 'R0301', 'TRADE','2024-02-10', '2026-04-03', 378000.00,  28, '1'),
('C00000004', '张三',                     'P', 'B', 'R0102', NULL,   '2024-06-01', '2026-03-15', 25600.00,   8,  '1'),
('C00000005', '李四',                     'P', 'C', 'R0103', NULL,   '2024-08-15', '2026-01-20', 8900.00,    3,  '2'),
('C00000006', '成都优品贸易公司',         'E', 'B', 'R0401', 'TRADE','2024-04-01', '2026-03-30', 156000.00,  18, '1'),
('C00000007', '杭州绿城物业管理',         'E', 'B', 'R0103', 'PROP', '2024-05-20', '2026-02-28', 89000.00,   12, '1'),
('C00000008', '王五',                     'P', 'D', 'R0201', NULL,   '2025-01-10', '2025-03-01', 2100.00,    1,  '3'),
('C00000009', '福建海峡网络科技',         'E', 'A', 'R0202', 'IT',   '2024-02-28', '2026-04-02', 567000.00,  38, '1'),
('C00000010', '天津滨海新区采购中心',     'E', 'S', 'R0302', 'GOV',  '2024-01-05', '2026-04-04', 1250000.00, 62, '1'),
('C00000011', '赵六',                     'P', 'C', 'R0301', NULL,   '2025-03-01', '2026-03-20', 6500.00,    2,  '1'),
('C00000012', '重庆巴蜀文化传媒',         'E', 'C', 'R0402', 'MEDIA','2024-09-15', '2025-12-10', 45000.00,   6,  '2'),
('C00000013', '苏州工业园区联合采购',     'E', 'A', 'R0102', 'MFG',  '2024-03-01', '2026-04-05', 723000.00,  42, '1'),
('C00000014', '钱七',                     'P', 'B', 'R0101', NULL,   '2024-11-20', '2026-03-25', 18700.00,   5,  '1'),
('C00000015', '广州白云电子商务',         'E', 'B', 'R0201', 'EC',   '2024-07-01', '2026-03-18', 198000.00,  22, '1');

-- =============================================
-- 客户分组
-- =============================================
INSERT INTO t_cst_grp (grp_cd, grp_nm, grp_rule) VALUES
('VIP',    'VIP客户',        '客户等级为S或A'),
('HIGH_P', '高潜力客户',     '最近3个月下单>=3次且累计金额增长>50%'),
('SLEEP',  '沉睡客户',       '30-90天未下单'),
('LOST',   '流失客户',       '90天以上未下单'),
('NEW_30', '新客户(30天内)', '注册30天内的客户'),
('BIG_E',  '大企业客户',     '企业类型且累计金额>50万');

INSERT INTO t_cst_grp_rel (cst_no, grp_cd) VALUES
('C00000001', 'VIP'), ('C00000001', 'BIG_E'),
('C00000002', 'VIP'), ('C00000002', 'BIG_E'),
('C00000003', 'VIP'),
('C00000009', 'VIP'), ('C00000009', 'BIG_E'),
('C00000010', 'VIP'), ('C00000010', 'BIG_E'),
('C00000013', 'VIP'), ('C00000013', 'BIG_E'),
('C00000006', 'HIGH_P'),
('C00000005', 'SLEEP'),
('C00000008', 'LOST'),
('C00000012', 'SLEEP');

-- =============================================
-- 订单数据 (2026年Q1 + 4月初)
-- =============================================
INSERT INTO t_ord_hdr (ord_no, cst_no, ord_dt, ord_amt, dsc_amt, pay_amt, ord_st, pay_tp, rgn_cd, chn_cd, slr_id) VALUES
-- 2026年1月
('ORD20260101001', 'C00000001', '2026-01-05', 79990.00, 4000.00, 75990.00, '40', '4', 'R0101', 'ON', 1),
('ORD20260101002', 'C00000010', '2026-01-06', 45000.00, 0,       45000.00, '40', '4', 'R0302', 'OF', 4),
('ORD20260101003', 'C00000004', '2026-01-08', 8999.00,  500.00,  8499.00,  '40', '1', 'R0102', 'ON', 2),
('ORD20260101004', 'C00000009', '2026-01-10', 35960.00, 1800.00, 34160.00, '40', '4', 'R0202', 'ON', 3),
('ORD20260101005', 'C00000003', '2026-01-12', 23997.00, 1200.00, 22797.00, '40', '4', 'R0301', 'OF', 4),
('ORD20260101006', 'C00000013', '2026-01-15', 55993.00, 2800.00, 53193.00, '40', '4', 'R0102', 'DL', 2),
('ORD20260101007', 'C00000002', '2026-01-18', 29995.00, 1500.00, 28495.00, '40', '2', 'R0201', 'ON', 3),
('ORD20260101008', 'C00000006', '2026-01-20', 12580.00, 0,       12580.00, '40', '1', 'R0401', 'ON', 5),
('ORD20260101009', 'C00000014', '2026-01-22', 5999.00,  0,       5999.00,  '40', '2', 'R0101', 'ON', 1),
('ORD20260101010', 'C00000015', '2026-01-25', 18790.00, 900.00,  17890.00, '90', '1', 'R0201', 'ON', 3),
('ORD20260101011', 'C00000007', '2026-01-28', 8599.00,  0,       8599.00,  '40', '3', 'R0103', 'OF', 6),

-- 2026年2月
('ORD20260201001', 'C00000010', '2026-02-03', 95970.00, 5000.00, 90970.00, '40', '4', 'R0302', 'OF', 4),
('ORD20260201002', 'C00000001', '2026-02-05', 47994.00, 2400.00, 45594.00, '40', '4', 'R0101', 'ON', 1),
('ORD20260201003', 'C00000009', '2026-02-08', 42950.00, 2150.00, 40800.00, '40', '4', 'R0202', 'DL', 3),
('ORD20260201004', 'C00000003', '2026-02-10', 15998.00, 800.00,  15198.00, '40', '2', 'R0301', 'ON', 4),
('ORD20260201005', 'C00000011', '2026-02-12', 1499.00,  0,       1499.00,  '40', '1', 'R0301', 'ON', 4),
('ORD20260201006', 'C00000013', '2026-02-15', 63992.00, 3200.00, 60792.00, '40', '4', 'R0102', 'ON', 2),
('ORD20260201007', 'C00000002', '2026-02-18', 39996.00, 2000.00, 37996.00, '40', '4', 'R0201', 'ON', 3),
('ORD20260201008', 'C00000006', '2026-02-20', 9598.00,  0,       9598.00,  '40', '1', 'R0401', 'OF', 5),
('ORD20260201009', 'C00000004', '2026-02-22', 4799.00,  240.00,  4559.00,  '40', '2', 'R0102', 'ON', 2),
('ORD20260201010', 'C00000015', '2026-02-25', 25590.00, 1280.00, 24310.00, '40', '3', 'R0201', 'DL', 3),
('ORD20260201011', 'C00000007', '2026-02-28', 7198.00,  0,       7198.00,  '40', '3', 'R0103', 'OF', 6),

-- 2026年3月
('ORD20260301001', 'C00000001', '2026-03-02', 89970.00, 4500.00, 85470.00, '40', '4', 'R0101', 'ON', 1),
('ORD20260301002', 'C00000010', '2026-03-05', 119960.00,6000.00, 113960.00,'40', '4', 'R0302', 'OF', 4),
('ORD20260301003', 'C00000013', '2026-03-08', 47994.00, 2400.00, 45594.00, '40', '4', 'R0102', 'DL', 2),
('ORD20260301004', 'C00000009', '2026-03-10', 53940.00, 2700.00, 51240.00, '40', '4', 'R0202', 'ON', 3),
('ORD20260301005', 'C00000002', '2026-03-12', 35996.00, 1800.00, 34196.00, '40', '2', 'R0201', 'ON', 3),
('ORD20260301006', 'C00000003', '2026-03-15', 31996.00, 1600.00, 30396.00, '40', '4', 'R0301', 'OF', 4),
('ORD20260301007', 'C00000006', '2026-03-18', 15990.00, 0,       15990.00, '40', '1', 'R0401', 'ON', 5),
('ORD20260301008', 'C00000014', '2026-03-20', 7999.00,  400.00,  7599.00,  '40', '2', 'R0101', 'ON', 1),
('ORD20260301009', 'C00000005', '2026-03-22', 1499.00,  0,       1499.00,  '90', '1', 'R0103', 'ON', 6),
('ORD20260301010', 'C00000011', '2026-03-25', 5999.00,  300.00,  5699.00,  '40', '1', 'R0301', 'ON', 4),
('ORD20260301011', 'C00000015', '2026-03-28', 21590.00, 1080.00, 20510.00, '30', '3', 'R0201', 'ON', 3),
('ORD20260301012', 'C00000007', '2026-03-30', 11398.00, 570.00,  10828.00, '20', '3', 'R0103', 'OF', 6),

-- 2026年4月初
('ORD20260401001', 'C00000001', '2026-04-01', 55993.00, 2800.00, 53193.00, '40', '4', 'R0101', 'ON', 1),
('ORD20260401002', 'C00000009', '2026-04-02', 28790.00, 1440.00, 27350.00, '30', '4', 'R0202', 'ON', 3),
('ORD20260401003', 'C00000003', '2026-04-03', 17998.00, 900.00,  17098.00, '20', '4', 'R0301', 'OF', 4),
('ORD20260401004', 'C00000010', '2026-04-04', 63992.00, 3200.00, 60792.00, '20', '4', 'R0302', 'OF', 4),
('ORD20260401005', 'C00000013', '2026-04-05', 39996.00, 2000.00, 37996.00, '10', '4', 'R0102', 'DL', 2);

-- =============================================
-- 订单明细
-- =============================================
INSERT INTO t_ord_dtl (ord_no, ln_no, prd_cd, qty, unit_prc, ln_amt, dsc_amt) VALUES
-- ORD20260101001: 上海星辰科技 买10台ThinkPad
('ORD20260101001', 1, 'P00001', 10, 7999.00, 79990.00, 4000.00),
-- ORD20260101002: 天津采购中心 买5台ThinkPad+5台iPad
('ORD20260101002', 1, 'P00001', 5,  7999.00, 39995.00, 0),
('ORD20260101002', 2, 'P00005', 5,  4799.00, 23995.00, 0),
-- ORD20260101003: 张三 买1台MacBook
('ORD20260101003', 1, 'P00002', 1,  8999.00, 8999.00,  500.00),
-- ORD20260101004: 福建海峡 买4台iPad+2台华为MatePad
('ORD20260101004', 1, 'P00005', 4,  4799.00, 19196.00, 960.00),
('ORD20260101004', 2, 'P00012', 2,  2599.00, 5198.00,  260.00),
('ORD20260101004', 3, 'P00006', 3,  1299.00, 3897.00,  195.00),
('ORD20260101004', 4, 'P00007', 30, 89.00,   2670.00,  134.00),
-- ORD20260101005: 北京万达 买3台ThinkPad
('ORD20260101005', 1, 'P00001', 3,  7999.00, 23997.00, 1200.00),
-- ORD20260101006: 苏州工业园 买5台MacBook+3台Dell显示器
('ORD20260101006', 1, 'P00002', 5,  8999.00, 44995.00, 2250.00),
('ORD20260101006', 2, 'P00011', 3,  3999.00, 11997.00, 600.00),
-- ORD20260101007: 深圳创新 买5台Redmi+10台iPhone
('ORD20260101007', 1, 'P00003', 5,  1499.00, 7495.00,  375.00),
('ORD20260101007', 2, 'P00004', 5,  5999.00, 29995.00, 1500.00),
-- ORD20260101008: 成都优品 买2台打印机+10箱A4纸+20支笔
('ORD20260101008', 1, 'P00006', 2,  1299.00, 2598.00,  0),
('ORD20260101008', 2, 'P00007', 100,89.00,   8900.00,  0),
('ORD20260101008', 3, 'P00008', 50, 15.00,   750.00,   0),
('ORD20260101008', 4, 'P00014', 20, 25.00,   500.00,   0),
-- ORD20260101009: 钱七 买1台iPhone
('ORD20260101009', 1, 'P00004', 1,  5999.00, 5999.00,  0),
-- ORD20260101010: 广州白云(取消) 买2台MacBook+家居
('ORD20260101010', 1, 'P00002', 2,  8999.00, 17998.00, 900.00),
('ORD20260101010', 2, 'P00010', 20, 39.90,   798.00,   0),
-- ORD20260101011: 杭州绿城 买1台MacBook+文具
('ORD20260101011', 1, 'P00002', 1,  8999.00, 8999.00,  0),
('ORD20260101011', 2, 'P00014', 10, 25.00,   250.00,   0),

-- 2月订单明细(简化)
('ORD20260201001', 1, 'P00001', 10, 7999.00, 79990.00, 4000.00),
('ORD20260201001', 2, 'P00005', 5,  4799.00, 23995.00, 1200.00),
('ORD20260201002', 1, 'P00002', 4,  8999.00, 35996.00, 1800.00),
('ORD20260201002', 2, 'P00011', 3,  3999.00, 11997.00, 600.00),
('ORD20260201003', 1, 'P00004', 5,  5999.00, 29995.00, 1500.00),
('ORD20260201003', 2, 'P00003', 10, 1499.00, 14990.00, 750.00),
('ORD20260201004', 1, 'P00001', 2,  7999.00, 15998.00, 800.00),
('ORD20260201005', 1, 'P00003', 1,  1499.00, 1499.00,  0),
('ORD20260201006', 1, 'P00002', 5,  8999.00, 44995.00, 2250.00),
('ORD20260201006', 2, 'P00001', 2,  7999.00, 15998.00, 800.00),
('ORD20260201007', 1, 'P00002', 3,  8999.00, 26997.00, 1350.00),
('ORD20260201007', 2, 'P00011', 2,  3999.00, 7998.00,  400.00),
('ORD20260201008', 1, 'P00005', 2,  4799.00, 9598.00,  0),
('ORD20260201009', 1, 'P00005', 1,  4799.00, 4799.00,  240.00),
('ORD20260201010', 1, 'P00004', 3,  5999.00, 17997.00, 900.00),
('ORD20260201010', 2, 'P00009', 5,  599.00,  2995.00,  150.00),
('ORD20260201010', 3, 'P00015', 10, 199.00,  1990.00,  100.00),
('ORD20260201011', 1, 'P00012', 2,  2599.00, 5198.00,  0),
('ORD20260201011', 2, 'P00009', 2,  599.00,  1198.00,  0),

-- 3月订单明细(简化)
('ORD20260301001', 1, 'P00002', 8,  8999.00, 71992.00, 3600.00),
('ORD20260301001', 2, 'P00001', 2,  7999.00, 15998.00, 800.00),
('ORD20260301002', 1, 'P00001', 15, 7999.00, 119985.00,6000.00),
('ORD20260301003', 1, 'P00002', 4,  8999.00, 35996.00, 1800.00),
('ORD20260301003', 2, 'P00011', 3,  3999.00, 11997.00, 600.00),
('ORD20260301004', 1, 'P00004', 8,  5999.00, 47992.00, 2400.00),
('ORD20260301004', 2, 'P00003', 5,  1499.00, 7495.00,  375.00),
('ORD20260301005', 1, 'P00002', 3,  8999.00, 26997.00, 1350.00),
('ORD20260301005', 2, 'P00001', 1,  7999.00, 7999.00,  400.00),
('ORD20260301006', 1, 'P00001', 4,  7999.00, 31996.00, 1600.00),
('ORD20260301007', 1, 'P00006', 5,  1299.00, 6495.00,  0),
('ORD20260301007', 2, 'P00007', 80, 89.00,   7120.00,  0),
('ORD20260301007', 3, 'P00008', 100,15.00,   1500.00,  0),
('ORD20260301008', 1, 'P00001', 1,  7999.00, 7999.00,  400.00),
('ORD20260301009', 1, 'P00003', 1,  1499.00, 1499.00,  0),
('ORD20260301010', 1, 'P00004', 1,  5999.00, 5999.00,  300.00),
('ORD20260301011', 1, 'P00004', 3,  5999.00, 17997.00, 900.00),
('ORD20260301011', 2, 'P00009', 6,  599.00,  3594.00,  180.00),
('ORD20260301012', 1, 'P00012', 3,  2599.00, 7797.00,  390.00),
('ORD20260301012', 2, 'P00015', 8,  199.00,  1592.00,  80.00),
('ORD20260301012', 3, 'P00009', 3,  599.00,  1797.00,  90.00),

-- 4月订单明细
('ORD20260401001', 1, 'P00002', 5,  8999.00, 44995.00, 2250.00),
('ORD20260401001', 2, 'P00011', 3,  3999.00, 11997.00, 600.00),
('ORD20260401002', 1, 'P00004', 3,  5999.00, 17997.00, 900.00),
('ORD20260401002', 2, 'P00003', 8,  1499.00, 11992.00, 600.00),
('ORD20260401003', 1, 'P00001', 2,  7999.00, 15998.00, 800.00),
('ORD20260401003', 2, 'P00009', 2,  599.00,  1198.00,  60.00),
('ORD20260401004', 1, 'P00002', 6,  8999.00, 53994.00, 2700.00),
('ORD20260401004', 2, 'P00005', 2,  4799.00, 9598.00,  480.00),
('ORD20260401005', 1, 'P00001', 5,  7999.00, 39995.00, 2000.00);

-- =============================================
-- 销售目标 (2026年Q1)
-- =============================================
INSERT INTO t_sal_tgt (tgt_yr, tgt_mn, rgn_cd, prd_cls_cd, tgt_amt, tgt_cnt) VALUES
-- 1月目标
(2026, 1, 'R01', 'A', 150000.00, 15),
(2026, 1, 'R01', 'B', 20000.00,  30),
(2026, 1, 'R02', 'A', 80000.00,  10),
(2026, 1, 'R03', 'A', 60000.00,  8),
(2026, 1, 'R04', 'A', 30000.00,  5),
(2026, 1, 'R04', 'B', 15000.00,  20),
-- 2月目标
(2026, 2, 'R01', 'A', 160000.00, 16),
(2026, 2, 'R01', 'B', 22000.00,  35),
(2026, 2, 'R02', 'A', 90000.00,  12),
(2026, 2, 'R03', 'A', 65000.00,  9),
(2026, 2, 'R04', 'A', 35000.00,  6),
-- 3月目标
(2026, 3, 'R01', 'A', 180000.00, 18),
(2026, 3, 'R01', 'B', 25000.00,  40),
(2026, 3, 'R02', 'A', 100000.00, 13),
(2026, 3, 'R03', 'A', 70000.00,  10),
(2026, 3, 'R04', 'A', 40000.00,  7);

-- =============================================
-- 财务应收
-- =============================================
INSERT INTO t_fin_rcv (rcv_no, ord_no, cst_no, rcv_amt, rcv_dt, act_amt, act_dt, sts_cd, aging_days) VALUES
('RCV20260101', 'ORD20260101001', 'C00000001', 75990.00,  '2026-01-15', 75990.00,  '2026-01-25', '2', 0),
('RCV20260102', 'ORD20260101002', 'C00000010', 45000.00,  '2026-01-16', 45000.00,  '2026-02-01', '2', 0),
('RCV20260103', 'ORD20260101005', 'C00000003', 22797.00,  '2026-01-22', 22797.00,  '2026-02-05', '2', 0),
('RCV20260104', 'ORD20260101006', 'C00000013', 53193.00,  '2026-01-25', 53193.00,  '2026-02-10', '2', 0),
('RCV20260105', 'ORD20260101007', 'C00000002', 28495.00,  '2026-01-28', 28495.00,  '2026-02-15', '2', 0),
('RCV20260201', 'ORD20260201001', 'C00000010', 90970.00,  '2026-02-13', 90970.00,  '2026-02-28', '2', 0),
('RCV20260202', 'ORD20260201002', 'C00000001', 45594.00,  '2026-02-15', 45594.00,  '2026-03-01', '2', 0),
('RCV20260203', 'ORD20260201003', 'C00000009', 40800.00,  '2026-02-18', 40800.00,  '2026-03-05', '2', 0),
('RCV20260204', 'ORD20260201006', 'C00000013', 60792.00,  '2026-02-25', 40000.00,  '2026-03-10', '1', 26),
('RCV20260205', 'ORD20260201007', 'C00000002', 37996.00,  '2026-02-28', 37996.00,  '2026-03-15', '2', 0),
('RCV20260301', 'ORD20260301001', 'C00000001', 85470.00,  '2026-03-12', 85470.00,  '2026-03-25', '2', 0),
('RCV20260302', 'ORD20260301002', 'C00000010', 113960.00, '2026-03-15', 80000.00,  NULL,         '1', 22),
('RCV20260303', 'ORD20260301004', 'C00000009', 51240.00,  '2026-03-20', 0,         NULL,         '0', 17),
('RCV20260304', 'ORD20260301005', 'C00000002', 34196.00,  '2026-03-22', 0,         NULL,         '0', 15),
('RCV20260305', 'ORD20260301006', 'C00000003', 30396.00,  '2026-03-25', 0,         NULL,         '3', 45);
